"0",""
"0","# 1. Carregar os dados"
"0",""
"0","df <- import(""02.metadata/es_per_capita_ccaa_2010_2024.xlsx"")"
"0",""
"0","anos <- c(""2010"",""2011"", ""2012"", ""2013"", ""2014"", ""2015"", ""2016"", ""2017"", ""2018"", ""2019"", ""2020"", ""2021"", ""2022"", ""2023"")"
"0",""
"0","lista_top4_maiores <- c()"
"0","lista_top4_menores <- c()"
"0",""
"0","for (ano in anos) {"
"0","  df_ordenado <- df %>% arrange(desc(.data[[ano]]))"
"0","  top4 <- head(df_ordenado$ccaa, 4)"
"0","  bot4 <- tail(df_ordenado$ccaa, 4)"
"0","    lista_top4_maiores <- c(lista_top4_maiores, top4)"
"0","  lista_top4_menores <- c(lista_top4_menores, bot4)"
"0","}"
"0",""
"0","tabela_moda_maiores <- as.data.frame(table(lista_top4_maiores)) %>%"
"0","  rename(CCAA = lista_top4_maiores, Frequencia_Anos = Freq) %>%"
"0","  arrange(desc(Frequencia_Anos))"
"0",""
"0","tabela_moda_menores <- as.data.frame(table(lista_top4_menores)) %>%"
"0","  rename(CCAA = lista_top4_menores, Frequencia_Anos = Freq) %>%"
"0","  arrange(desc(Frequencia_Anos))"
"0",""
"0","cat(""=== MODA DA MODA: CCAA QUE MAIS APARECERAM NO TOP 4 MAIORES GASTOS PER CAPITA ===\n"")"
"1","=== MODA DA MODA: CCAA QUE MAIS APARECERAM NO TOP 4 MAIORES GASTOS PER CAPITA ===
"
"0","print(tabela_moda_maiores)"
"1"," "
"1","            CCAA"
"1"," Frequencia_Anos"
"1","
1"
"1","         Navarra"
"1","              14"
"1","
2"
"1","     Extremadura"
"1","              13"
"1","
3"
"1","        Asturias"
"1","              12"
"1","
4"
"1","       Cantabria"
"1","              12"
"1","
5"
"1","   Castilla-León"
"1","               2"
"1","
6"
"1"," Castilla-Mancha"
"1","               2"
"1","
7"
"1","           Rioja"
"1","               1"
"1","
"
"0","cat(""\n=== MODA DA MODA: CCAA QUE MAIS APARECERAM NO TOP 4 MENORES GASTOS PER CAPITA ===\n"")"
"1","
=== MODA DA MODA: CCAA QUE MAIS APARECERAM NO TOP 4 MENORES GASTOS PER CAPITA ===
"
"0","print(tabela_moda_menores)"
"1"," "
"1","          CCAA"
"1"," Frequencia_Anos"
"1","
1"
"1"," Illes Balears"
"1","              14"
"1","
2"
"1","      Canarias"
"1","              13"
"1","
3"
"1","        Murcia"
"1","              10"
"1","
4"
"1"," C. Valenciana"
"1","               9"
"1","
5"
"1","        Madrid"
"1","               5"
"1","
6"
"1","       Galicia"
"1","               3"
"1","
7"
"1","     Andalucía"
"1","               1"
"1","
8"
"1","        Aragón"
"1","               1"
"1","
"
"0","moda_max_maiores <- tabela_moda_maiores %>% "
"0","  filter(Frequencia_Anos == max(Frequencia_Anos))"
"0","moda_max_menores <- tabela_moda_menores %>% "
"0","  filter(Frequencia_Anos == max(Frequencia_Anos))"
"0",""
"0","cat(""\n-> MODA(S) DO TOPO (Apareceram em"", max(tabela_moda_maiores$Frequencia_Anos), ""anos):"","
"0","    paste(moda_max_maiores$CCAA, collapse = "", ""), ""\n"")"
"1","
-> MODA(S) DO TOPO (Apareceram em"
"1"," "
"1","14"
"1"," "
"1","anos):"
"1"," "
"1","Navarra"
"1"," "
"1","
"
"0","cat(""-> MODA(S) DO FUNDO (Apareceram em"", max(tabela_moda_menores$Frequencia_Anos), ""anos):"","
"0","    paste(moda_max_menores$CCAA, collapse = "", ""), ""\n"")"
"1","-> MODA(S) DO FUNDO (Apareceram em"
"1"," "
"1","14"
"1"," "
"1","anos):"
"1"," "
"1","Illes Balears"
"1"," "
"1","
"
